{
  "name": "",
  "x_pos": 0.0,
  "y_pos": 0.0,
  "z_pos": 0.0,
  "x_vel": 0.0,
  "y_vel": 0.0,
  "z_vel": 0.0,
  "new_base_x_x": 0.5012885399513565,
  "new_base_x_y": 0.3940301785578597,
  "new_base_x_z": -0.7703570718174128,
  "new_base_y_x": -0.7604603428309402,
  "new_base_y_y": -0.2241198882065769,
  "new_base_y_z": -0.6094836689294637,
  "new_base_z_x": -0.4128072997112405,
  "new_base_z_y": 0.8913531814583557,
  "new_base_z_z": 0.18729559313871047,
  "mass": 0.0,
  "closest_distance": 2289114429.775253,
  "distance": 2289114429.775253,
  "angle": 290.0,
  "a_pos_x": 1361266486.5,
  "a_pos_y": 0.0,
  "a_pos_z": 0.0,
  "b_pos_x": 2057402652.6260624,
  "b_pos_y": 827761004.0618432,
  "b_pos_z": 595227186.7339514,
  "a_pos_v_x": 0.0,
  "a_pos_v_y": 0.0,
  "a_pos_v_z": 0.0,
  "b_pos_v_x": 272.41527539925175,
  "b_pos_v_y": 439.2902710453865,
  "b_pos_v_z": -1490.1993248482008
}