{
  "x_pos": -15276228617554.893,
  "y_pos": -12771141361490.912,
  "z_pos": 35682175794169.555,
  "x_vel": 6.3499979455025475,
  "y_vel": 5.391443153082385,
  "z_vel": -19.535721926626646,
  "name": "Alpha Centauri B"
}