{
  "x_pos": -15276228617554.893,
  "y_pos": -12771141361490.912,
  "z_pos": 35682175794169.555,
  "x_vel": -91774.11379454046,
  "y_vel": 49602.589004619804,
  "z_vel": -21515.523334438545,
  "new_base_x_x": 0.5012885399513565,
  "new_base_x_y": 0.3940301785578597,
  "new_base_x_z": -0.7703570718174128,
  "new_base_y_x": -0.7604603428309402,
  "new_base_y_y": -0.2241198882065769,
  "new_base_y_z": -0.6094836689294637,
  "new_base_z_x": -0.4128072997112405,
  "new_base_z_y": 0.8913531814583557,
  "new_base_z_z": 0.18729559313871047,
  "name": "Alpha Centauri B"
}