{
  "x_pos": -15276588370596.062,
  "y_pos": -12774143025167.11,
  "z_pos": 35680947291025.65,
  "x_vel": -80762.78576720807,
  "y_vel": 61086.27871252646,
  "z_vel": -12684.094526828183,
  "new_base_x_x": 0.5012885399513565,
  "new_base_x_y": 0.3940301785578597,
  "new_base_x_z": -0.7703570718174128,
  "new_base_y_x": -0.7604603428309402,
  "new_base_y_y": -0.2241198882065769,
  "new_base_y_z": -0.6094836689294637,
  "new_base_z_x": -0.4128072997112405,
  "new_base_z_y": 0.8913531814583557,
  "new_base_z_z": 0.18729559313871047,
  "name": "Alpha Centauri A"
}