{
  "x_pos": -14635825613767.428,
  "y_pos": -11201656916904.71,
  "z_pos": 35677159800954.94,
  "x_vel": -86415.18057542799,
  "y_vel": 52062.8061930299,
  "z_vel": -19078.764977258896,
  "new_base_x_x": 0.05433616965196489,
  "new_base_x_y": 0.41528306877230803,
  "new_base_x_z": 0.9080680334967239,
  "new_base_y_x": 0.6343336601323848,
  "new_base_y_y": -0.7166839693435978,
  "new_base_y_z": 0.289801476374702,
  "new_base_z_x": 0.771147449124099,
  "new_base_z_y": 0.5602714171515082,
  "new_base_z_z": -0.3023698907504444,
  "name": "Proxima Centauri"
}