{
  "x_pos": -14635825613767.428,
  "y_pos": -11201656916904.71,
  "z_pos": 35677159800954.94,
  "x_vel": 7.528863357407623,
  "y_vel": 5.86353503401695,
  "z_vel": -23.077541007622116,
  "name": "Proxima Centauri"
}